{
    "loss": 0.30448445677757263,
    "accuracy": 0.8627451062202454
}